{
    "objects": [
        {
            "color": [
                1.0,
                1.0,
                1.0,
                1.0
            ],
            "name": "Triangle",
            "position": [
                -0.20000000298023224,
                -0.10000000149011612,
                0.0
            ],
            "rotation": [
                0.0,
                0.0,
                0.0
            ],
            "scale": [
                1.0,
                1.0,
                1.0
            ],
            "textured": false
        },
        {
            "color": [
                1.0,
                1.0,
                1.0,
                1.0
            ],
            "name": "Textured Quad",
            "position": [
                0.6000000238418579,
                0.0,
                0.0
            ],
            "rotation": [
                0.0,
                0.0,
                0.0
            ],
            "scale": [
                0.75,
                0.75,
                0.75
            ],
            "textured": true
        }
    ]
}